{
    "bittrex": {
        "bat": 16554.708,
        "elf": 6254.464,
        "eos": 1260.1556,
        "eth": 63.26388,
        "gto": 24004.78,
        "knc": 2194.2484,
        "mana": 55340.4,
        "omg": 708.2968,
        "powr": 14092.964,
        "req": 38073.08,
        "snt": 49400.04,
        "rdn": 2396.6764,
        "appc": 9635.912,
        "eng": 2817.8472,
        "salt": 1945.8252
    },
    "binance": {
        "bat": 16554.708,
        "elf": 6254.464,
        "eos": 1260.1556,
        "eth": 63.26388,
        "gto": 24004.78,
        "knc": 2194.2484,
        "mana": 55340.4,
        "omg": 708.2968,
        "powr": 14092.964,
        "req": 38073.08,
        "snt": 49400.04,
        "rdn": 2396.6764,
        "appc": 9635.912,
        "eng": 2817.8472,
        "salt": 1945.8252
    },
    "huobi": {
        "bat": 16554.708,
        "elf": 6254.464,
        "eos": 1260.1556,
        "eth": 63.26388,
        "gto": 24004.78,
        "knc": 2194.2484,
        "mana": 55340.4,
        "omg": 708.2968,
        "powr": 14092.964,
        "req": 38073.08,
        "snt": 49400.04,
        "rdn": 2396.6764,
        "appc": 9635.912,
        "eng": 2817.8472,
        "salt": 1945.8252
    }
}